ISIN,Ticker
INE144J01027,20MICRONS.NS
INE253B01015,21STCENMGM.NS
INE748C01020,3IINFOTECH.NS
INE470A01017,3MINDIA.NS
INE105C01023,3PLAND.NS
INE618L01018,5PAISA.NS
INE111B01023,63MOONS.NS
INE650K01021,8KMILES.NS
INE619I01012,A2ZINFRA.NS
INE087Z01016,AAKASH.NS
INE721Z01010,AARON.NS
INE767A01016,AARTIDRUGS.NS
INE769A01020,AARTIIND.NS
INE09EO01013,AARTISURF.NS
INE273D01019,AARVEEDEN.NS
INE754X01016,AARVI.NS
INE216P01012,AAVAS.NS
INE421A01028,ABAN.NS
INE117A01022,ABB.NS
INE358A01014,ABBOTINDIA.NS
INE674K01013,ABCAPITAL.NS
INE647O01011,ABFRL.NS
INE251C01017,ABMINTLTD.NS
INE012A01025,ACC.NS
INE793A01012,ACCELYA.NS
INE648Z01015,ACCURACY.NS
INE731H01025,ACE.NS
INE482D01024,ACRYSIL.NS
INE423A01024,ADANIENT.NS
INE364U01010,ADANIGREEN.NS
INE742F01042,ADANIPORTS.NS
INE814H01011,ADANIPOWER.NS
INE931S01010,ADANITRANS.NS
INE982B01019,ADFFOODS.NS
INE452L01012,ADHUNIKIND.NS
INE0CHO01012,ADL.NS
INE045A01017,ADORWELD.NS
INE737B01033,ADROITINFO.NS
INE102I01027,ADSL.NS
INE199C01026,ADVANIHOTR.NS
INE837H01020,ADVENZYMES.NS
INE208C01025,AEGISCHEM.NS
INE00WC01019,AFFLE.NS
INE204E01012,AGARIND.NS
INE676A01019,AGCNET.NS
INE449G01018,AGRITECH.NS
INE740V01019,AGROPHOS.NS
INE926K01017,AHLEAST.NS
INE758C01029,AHLUCONT.NS
INE915K01010,AHLWEST.NS
INE212H01026,AIAENG.NS
INE645W01026,AIRAN.NS
INE031B01049,AJANTPHARM.NS
INE298G01027,AJMERA.NS
INE737W01013,AKASH.NS
INE542B01011,AKSHARCHEM.NS
INE523B01011,AKSHOPTFBR.NS
INE133A01011,AKZOINDIA.NS
INE914E01040,ALANKIT.NS
INE155C01010,ALBERTDAVD.NS
INE964B01033,ALCHEM.NS
INE426A01027,ALEMBICLTD.NS
INE062D01024,ALICON.NS
INE773I01017,ALKALI.NS
INE540L01014,ALKEM.NS
INE150B01021,ALKYLAMINE.NS
INE418H01029,ALLCARGO.NS
INE835G01018,ALLSEC.NS
INE326B01027,ALMONDZ.NS
INE270A01029,ALOKINDS.NS
INE385I01010,ALPA.NS
INE137C01018,ALPHAGEO.NS
INE093B01015,ALPSINDUS.NS
INE885A01032,AMARAJABAT.NS
INE371P01015,AMBER.NS
INE540G01014,AMBIKCO.NS
INE079A01024,AMBUJACEM.NS
INE005I01014,AMDIND.NS
INE606A01024,AMJLAND.NS
INE098F01031,AMRUTANJAN.NS
INE242C01024,ANANTRAJ.NS
INE666E01012,ANDHRACEMT.NS
INE435A01028,ANDHRAPAP.NS
INE715B01013,ANDHRSUGAR.NS
INE732I01013,ANGELBRKG.NS
INE087B01017,ANIKINDS.NS
INE106I01010,ANKITMETAL.NS
INE436A01026,ANSALAPI.NS
INE880B01015,ANSALHSG.NS
INE294Z01018,ANUP.NS
INE372A01015,APARINDS.NS
INE071F01012,APCL.NS
INE116A01032,APCOTEXIND.NS
INE346W01013,APEX.NS
INE702C01027,APLAPOLLO.NS
INE901L01018,APLLTD.NS
INE713T01010,APOLLO.NS
INE437A01024,APOLLOHOSP.NS
INE126J01016,APOLLOPIPE.NS
INE438A01022,APOLLOTYRE.NS
INE451F01024,APOLSINHOT.NS
INE266F01018,APTECHT.NS
INE877I01016,ARCHIDPLY.NS
INE731A01020,ARCHIES.NS
INE574I01035,ARCOTECH.NS
INE610C01014,ARENTERP.NS
INE298I01015,ARIES.NS
INE413D01011,ARIHANT.NS
INE643K01018,ARIHANTSUP.NS
INE109C01017,ARMANFIN.NS
INE210C01013,AROGRANITE.NS
INE570D01018,ARROWGREEN.NS
INE968D01022,ARSHIYA.NS
INE267I01010,ARSSINFRA.NS
INE025R01013,ARTEMISMED.NS
INE034A01011,ARVIND.NS
INE955V01021,ARVINDFASN.NS
INE034S01021,ARVSMART.NS
INE439A01020,ASAHIINDIA.NS
INE228I01012,ASAHISONG.NS
INE900C01027,ASAL.NS
INE073G01016,ASALCBR.NS
INE348A01023,ASHAPURMIN.NS
INE365D01021,ASHIANA.NS
INE440A01010,ASHIMASYN.NS
INE442H01029,ASHOKA.NS
INE208A01029,ASHOKLEY.NS
INE363A01022,ASIANHOTNR.NS
INE021A01026,ASIANPAINT.NS
INE022I01019,ASIANTILES.NS
INE991I01015,ASPINWALL.NS
INE563J01010,ASTEC.NS
INE914M01019,ASTERDM.NS
INE006I01046,ASTRAL.NS
INE386C01029,ASTRAMICRO.NS
INE203A01020,ASTRAZEN.NS
INE646X01014,ASTRON.NS
INE209A01019,ATFL.NS
INE399L01023,ATGL.NS
INE285H01022,ATLANTA.NS
INE446A01025,ATLASCYCLE.NS
INE100A01010,ATUL.NS
INE951D01028,ATULAUTO.NS
INE949L01017,AUBANK.NS
INE132H01018,AURIONPRO.NS
INE406A01037,AUROPHARMA.NS
INE218C01016,AUSOMENT.NS
INE449A01011,AUTOAXLES.NS
INE718H01014,AUTOIND.NS
INE448A01013,AUTOLITIND.NS
INE349W01017,AVADHSUGAR.NS
INE871C01038,AVANTIFEED.NS
INE488D01021,AVTNPL.NS
INE01BK01022,AWHCL.NS
INE238A01034,AXISBANK.NS
INE555B01013,AXISCADES.NS
INE193B01039,AYMSYNTEX.NS
INE878I01022,BAFNAPH.NS
INE116D01028,BAGFILMS.NS
INE917I01010,BAJAJ-AUTO.NS
INE933K01021,BAJAJCON.NS
INE193E01025,BAJAJELEC.NS
INE918I01018,BAJAJFINSV.NS
INE306A01021,BAJAJHIND.NS
INE118A01012,BAJAJHLDNG.NS
INE296A01024,BAJFINANCE.NS
INE794B01026,BALAJITELE.NS
INE050E01027,BALAMINES.NS
INE618N01014,BALAXI.NS
INE875R01011,BALKRISHNA.NS
INE787D01026,BALKRISIND.NS
INE294A01037,BALLARPUR.NS
INE164A01016,BALMLAWRIE.NS
INE083D01012,BALPHARMA.NS
INE119A01028,BALRAMCHIN.NS
INE655B01011,BANARBEADS.NS
INE459A01010,BANARISUG.NS
INE213C01025,BANCOINDIA.NS
INE545U01014,BANDHANBNK.NS
INE863I01016,BANG.NS
INE862Y01015,BANKA.NS
INE028A01039,BANKBARODA.NS
INE084A01016,BANKINDIA.NS
INE629D01012,BANSWRAS.NS
INE855F01034,BARTRONICS.NS
INE373A01013,BASF.NS
INE186H01014,BASML.NS
INE176A01028,BATAINDIA.NS
INE462A01022,BAYERCROP.NS
INE464A01028,BBL.NS
INE050A01025,BBTC.NS
INE425B01027,BCG.NS
INE905P01028,BCP.NS
INE171Z01018,BDL.NS
INE520H01022,BEARDSELL.NS
INE495P01012,BECTORFOOD.NS
INE844K01012,BEDMUTHA.NS
INE263A01024,BEL.NS
INE258A01016,BEML.NS
INE922A01025,BEPL.NS
INE463A01038,BERGEPAINT.NS
INE878K01010,BFINVEST.NS
INE243D01012,BFUTILITIE.NS
INE661I01014,BGRENERGY.NS
INE354C01027,BHAGERIA.NS
INE458B01036,BHAGYANGR.NS
INE363W01018,BHAGYAPROP.NS
INE474E01029,BHANDARI.NS
INE465A01025,BHARATFORG.NS
INE561C01019,BHARATGEAR.NS
INE838B01013,BHARATRAS.NS
INE316L01019,BHARATWIRE.NS
INE397D01024,BHARTIARTL.NS
INE257A01026,BHEL.NS
INE412U01017,BIGBLOC.NS
INE828A01016,BIL.NS
INE607L01029,BILENERGY.NS
INE143A01010,BINDALAGRO.NS
INE376G01013,BIOCON.NS
INE829A01014,BIOFILCHEM.NS
INE800A01015,BIRLACABLE.NS
INE340A01012,BIRLACORPN.NS
INE865C01022,BIRLAMONEY.NS
INE0AEJ01013,BIRLATYRE.NS
INE831Q01016,BKMINDST.NS
INE791A01024,BLBLIMITED.NS
INE416D01022,BLISSGVS.NS
INE350H01032,BLKASHYAP.NS
INE153T01027,BLS.NS
INE472B01011,BLUECOAST.NS
INE233B01017,BLUEDART.NS
INE472A01039,BLUESTARCO.NS
INE338D01028,BODALCHEM.NS
INE032A01023,BOMDYEING.NS
INE02PY01013,BOROLTD.NS
INE666D01022,BORORENEW.NS
INE323A01026,BOSCHLTD.NS
INE029A01011,BPCL.NS
INE110A01019,BPL.NS
INE589G01011,BRFL.NS
INE791I01019,BRIGADE.NS
INE216A01030,BRITANNIA.NS
INE727S01012,BRNL.NS
INE650L01011,BROOKS.NS
INE118H01025,BSE.NS
INE395A01016,BSELINFRA.NS
INE032Z01012,BSHSL.NS
INE594B01012,BSL.NS
INE836A01035,BSOFT.NS
INE07T201019,BURGERKING.NS
INE817H01014,BURNPUR.NS
INE295F01017,BUTTERFLY.NS
INE139I01011,BVCL.NS
INE319B01014,BYKE.NS
INE010B01027,CADILAHC.NS
INE526B01014,CALSOFT.NS
INE052I01032,CAMLINFINE.NS
INE596I01012,CAMS.NS
INE476A01014,CANBK.NS
INE874H01015,CANDC.NS
INE477A01020,CANFINHOME.NS
INE068L01016,CANTABIL.NS
INE264T01014,CAPACITE.NS
INE475E01026,CAPLIPOINT.NS
INE707C01018,CAPTRUST.NS
INE120A01034,CARBORUNIV.NS
INE521J01018,CAREERP.NS
INE752H01013,CARERATING.NS
INE172A01027,CASTROLIND.NS
INE652F01027,CCHHL.NS
INE421D01022,CCL.NS
INE736A01011,CDSL.NS
INE482A01020,CEATLTD.NS
INE209L01016,CEBBCO.NS
INE185H01016,CELEBRITY.NS
INE485A01015,CENTENKA.NS
INE281A01026,CENTEXT.NS
INE483A01010,CENTRALBK.NS
INE660C01027,CENTRUM.NS
INE320B01020,CENTUM.NS
INE348B01021,CENTURYPLY.NS
INE055A01016,CENTURYTEX.NS
INE739E01017,CERA.NS
INE345B01019,CEREBRAINT.NS
INE486A01013,CESC.NS
INE425Y01011,CESCVENT.NS
INE180C01026,CGCL.NS
INE067A01029,CGPOWER.NS
INE427F01016,CHALET.NS
INE085A01013,CHAMBLFERT.NS
INE995D01025,CHEMBOND.NS
INE03YM01018,CHEMCON.NS
INE783X01023,CHEMFAB.NS
INE178A01016,CHENNPETRO.NS
INE121A01024,CHOLAFIN.NS
INE149A01033,CHOLAHLDNG.NS
INE662C01015,CHROMATIC.NS
INE675C01017,CIGNITITEC.NS
INE704H01022,CINELINE.NS
INE039B01026,CINEVISTA.NS
INE059A01026,CIPLA.NS
INE201M01011,CLEDUCATE.NS
INE492A01029,CLNINDIA.NS
INE981B01011,CMICABLES.NS
INE672K01025,CNOVAPETRO.NS
INE522F01014,COALINDIA.NS
INE704P01017,COCHINSHIP.NS
INE591G01017,COFORGE.NS
INE259A01022,COLPAL.NS
INE070C01037,COMPINFO.NS
INE453B01029,COMPUSOFT.NS
INE111A01025,CONCOR.NS
INE552D01024,CONFIPET.NS
INE025A01027,CONSOFINVT.NS
INE663B01015,CONTROLPR.NS
INE558D01021,CORALFINAC.NS
INE792I01017,CORDSCABLE.NS
INE169A01031,COROMANDEL.NS
INE757A01017,COSMOFILMS.NS
INE695B01025,COUNCODOS.NS
INE008I01026,COX&KINGS.NS
INE985W01018,CREATIVE.NS
INE230B01021,CREATIVEYE.NS
INE741K01010,CREDITACC.NS
INE559D01011,CREST.NS
INE007A01025,CRISIL.NS
INE299U01018,CROMPTON.NS
INE679A01013,CSBBANK.NS
INE627H01017,CTE.NS
INE491A01021,CUB.NS
INE144D01012,CUBEXTUB.NS
INE298A01020,CUMMINSIND.NS
INE509F01011,CUPID.NS
INE278G01037,CYBERMEDIA.NS
INE214A01019,CYBERTECH.NS
INE136B01020,CYIENT.NS
INE818H01020,DAAWAT.NS
INE016A01026,DABUR.NS
INE00R701025,DALBHARAT.NS
INE495A01022,DALMIASUG.NS
INE497D01022,DAMODARIND.NS
INE688Y01014,DANGEE.NS
INE365B01017,DATAMATICS.NS
INE950I01011,DBCORP.NS
INE917M01012,DBL.NS
INE879I01012,DBREALTY.NS
INE921B01025,DBSTOCKBRO.NS
INE385W01011,DCAL.NS
INE503A01015,DCBBANK.NS
INE498A01018,DCM.NS
INE891B01012,DCMFINSERV.NS
INE08KP01019,DCMNVL.NS
INE499A01024,DCMSHRIRAM.NS
INE500A01029,DCW.NS
INE583C01021,DECCANCE.NS
INE501A01019,DEEPAKFERT.NS
INE288B01029,DEEPAKNTR.NS
INE677H01012,DEEPENR.NS
INE124G01033,DELTACORP.NS
INE393A01011,DELTAMAGNT.NS
INE947J01015,DEN.NS
INE244A01016,DENORA.NS
INE456C01020,DFMFOODS.NS
INE03JI01017,DGCONTENT.NS
INE041A01016,DHAMPURSUG.NS
INE680A01011,DHANBANK.NS
INE274G01010,DHANI.NS
INE435G01025,DHANUKA.NS
INE988C01014,DHARSUGAR.NS
INE202B01012,DHFL.NS
INE320L01011,DHUNINV.NS
INE393P01035,DIAMONDYD.NS
INE989C01012,DIAPOWER.NS
INE303A01010,DICIND.NS
INE927C01020,DIGISPICE.NS
INE731U01010,DIGJAMLTD.NS
INE836F01026,DISHTV.NS
INE361B01024,DIVISLAB.NS
INE935N01012,DIXON.NS
INE271C01023,DLF.NS
INE250K01012,DLINKINDIA.NS
INE192R01011,DMART.NS
INE016M01021,DNAMEDIA.NS
INE966A01022,DOLAT.NS
INE325C01035,DOLLAR.NS
INE668D01028,DONEAR.NS
INE266Y01019,DPABHUSHAN.NS
INE360C01024,DPSCLTD.NS
INE864X01013,DPWIRES.NS
INE656K01010,DQE.NS
INE506A01018,DREDGECORP.NS
INE089A01023,DRREDDY.NS
INE417B01040,DSSL.NS
INE341R01014,DTIL.NS
INE741L01018,DUCON.NS
INE477B01010,DVL.NS
INE366A01041,DWARKESH.NS
INE221B01012,DYNAMATECH.NS
INE256H01015,DYNPRO.NS
INE962C01027,EASTSILK.NS
INE268C01029,EASUNREYRL.NS
INE726L01019,EBIXFOREX.NS
INE738I01010,ECLERX.NS
INE532F01054,EDELWEISS.NS
INE216H01027,EDUCOMP.NS
INE066A01021,EICHERMOT.NS
INE126A01031,EIDPARRY.NS
INE276C01014,EIHAHOTELS.NS
INE230A01023,EIHOTEL.NS
INE158B01016,EIMCOELECO.NS
INE184H01027,EKC.NS
INE205B01023,ELECON.NS
INE086A01029,ELECTCAST.NS
INE822G01016,ELECTHERM.NS
INE285A01027,ELGIEQUIP.NS
INE819L01012,ELGIRUBCO.NS
INE548C01032,EMAMILTD.NS
INE830C01026,EMAMIPAP.NS
INE778K01012,EMAMIREAL.NS
INE078A01026,EMCO.NS
INE296H01011,EMKAY.NS
INE753K01015,EMMBI.NS
INE913H01037,ENDURANCE.NS
INE306C01019,ENERGYDEV.NS
INE510A01028,ENGINERSIN.NS
INE265F01028,ENIL.NS
INE255A01020,EPL.NS
INE988K01017,EQUITAS.NS
INE063P01018,EQUITASBNK.NS
INE406M01024,ERIS.NS
INE416L01017,EROSMEDIA.NS
INE284A01012,ESABINDIA.NS
INE042A01014,ESCORTS.NS
INE122M01019,ESSARSHPNG.NS
INE778B01029,ESTER.NS
INE063J01011,EUROMULTI.NS
INE022C01012,EUROTEXIND.NS
INE128A01029,EVEREADY.NS
INE295A01018,EVERESTIND.NS
INE688J01015,EXCEL.NS
INE369A01029,EXCELINDUS.NS
INE302A01020,EXIDEIND.NS
INE201K01015,EXPLEOSOL.NS
INE188A01015,FACT.NS
INE0DNW01011,FAIRCHEMOR.NS
INE045J01026,FCL.NS
INE220J01025,FCONSUMER.NS
INE512B01022,FCSSOFT.NS
INE258B01022,FDC.NS
INE171A01029,FEDERALBNK.NS
INE623B01027,FEL.NS
IN9623B01058,FELDVR.NS
INE737H01014,FIEMIND.NS
INE816B01027,FILATEX.NS
INE235A01022,FINCABLES.NS
INE686Y01026,FINEORG.NS
INE183A01016,FINPIPE.NS
INE060J01017,FLEXITUFF.NS
INE452O01016,FLFL.NS
INE09N301011,FLUOROCHEM.NS
INE529A01010,FMGOETZE.NS
INE360L01017,FMNL.NS
INE451A01017,FORCEMOT.NS
INE061F01013,FORTIS.NS
INE519A01011,FOSECOIND.NS
INE752P01024,FRETAIL.NS
INE935Q01015,FSC.NS
INE684F01012,FSL.NS
INE524A01029,GABRIEL.NS
INE036B01030,GAEL.NS
INE129A01019,GAIL.NS
INE482J01021,GAL.NS
INE600K01018,GALAXYSURF.NS
INE297H01019,GALLANTT.NS
INE528K01029,GALLISPAT.NS
INE181G01025,GAMMNINFRA.NS
INE524B01027,GANDHITUBE.NS
INE845D01014,GANECOS.NS
INE460C01014,GANESHHOUC.NS
INE335W01016,GANGESSECU.NS
INE526A01016,GARDENSILK.NS
INE276A01018,GARFIBRES.NS
INE152B01027,GATI.NS
INE287Z01012,GAYAHWS.NS
INE336H01023,GAYAPROJ.NS
INE087J01028,GBGLOBAL.NS
INE852F01015,GDL.NS
INE916G01016,GEECEE.NS
INE669X01016,GEEKAYWIRE.NS
INE727B01026,GENESYS.NS
INE949P01018,GENUSPAPER.NS
INE955D01029,GENUSPOWER.NS
INE007B01023,GEOJITFSL.NS
INE878A01011,GEPIL.NS
INE017A01032,GESHIP.NS
INE200A01026,GET&D.NS
INE538A01037,GFLLIMITED.NS
INE534A01028,GFSTEELS.NS
INE539A01019,GHCL.NS
INE289B01019,GICHSGFIN.NS
INE481Y01014,GICRE.NS
INE047B01011,GILLANDERS.NS
INE322A01010,GILLETTE.NS
INE424C01010,GINNIFILA.NS
INE162A01010,GIPCL.NS
INE065J01016,GISOLUTION.NS
INE528A01020,GKWLIMITED.NS
INE068V01023,GLAND.NS
INE159A01016,GLAXO.NS
INE935A01035,GLENMARK.NS
INE540A01017,GLFL.NS
INE291W01011,GLOBAL.NS
INE792H01019,GLOBALVECT.NS
INE581X01013,GLOBE.NS
INE446C01013,GLOBOFFS.NS
INE615I01010,GLOBUSSPR.NS
INE075D01018,GMBREW.NS
INE131A01031,GMDCLTD.NS
INE541A01023,GMMPFAUDLR.NS
INE776C01039,GMRINFRA.NS
INE934S01014,GNA.NS
INE113A01013,GNFC.NS
INE426D01013,GOACARBON.NS
INE077F01035,GOCLCORP.NS
INE260B01028,GODFRYPHLP.NS
INE925Y01010,GODHA.NS
INE850D01014,GODREJAGRO.NS
INE102D01028,GODREJCP.NS
INE233A01035,GODREJIND.NS
INE484J01027,GODREJPROP.NS
INE516K01024,GOENKA.NS
INE887G01027,GOKEX.NS
INE020J01029,GOKUL.NS
INE314T01025,GOKULAGRO.NS
INE973A01010,GOLDENTOBC.NS
INE025B01017,GOLDIAM.NS
INE805A01014,GOLDTECH.NS
INE127I01024,GOODLUCK.NS
INE533A01012,GOODYEAR.NS
INE177H01013,GPIL.NS
INE517F01014,GPPL.NS
INE390G01014,GPTINFRA.NS
INE101D01020,GRANULES.NS
INE371A01025,GRAPHITE.NS
INE047A01021,GRASIM.NS
INE024L01027,GRAVITA.NS
INE224A01026,GREAVESCOT.NS
INE544R01013,GREENLAM.NS
INE08ZM01014,GREENPANEL.NS
INE461C01038,GREENPLY.NS
INE999K01014,GREENPOWER.NS
INE536A01023,GRINDWELL.NS
INE646C01018,GROBTEA.NS
INE137I01015,GRPLTD.NS
INE382Z01011,GRSE.NS
INE542A01039,GSCLCEMENT.NS
INE026A01025,GSFC.NS
INE246F01010,GSPL.NS
INE871H01011,GSS.NS
INE043A01012,GTL.NS
INE221H01019,GTLINFRA.NS
INE537A01013,GTNIND.NS
INE302H01017,GTNTEX.NS
INE869I01013,GTPL.NS
INE742B01025,GUFICBIO.NS
INE186A01019,GUJALKALI.NS
INE826C01016,GUJAPOLLO.NS
INE844O01030,GUJGASLTD.NS
INE610B01024,GUJRAFFIA.NS
INE635Q01029,GULFOILLUB.NS
INE586G01017,GULFPETRO.NS
INE255D01024,GULPOLY.NS
INE251H01024,GVKPIL.NS
INE066F01012,HAL.NS
INE419U01012,HAPPSTMNDS.NS
INE939D01015,HARITASEAT.NS
INE544A01019,HARRMALAYA.NS
INE982F01036,HATHWAY.NS
INE473B01035,HATSUN.NS
INE176B01034,HAVELLS.NS
INE293B01029,HAVISHA.NS
INE292B01021,HBLPOWER.NS
INE550B01022,HBSL.NS
INE549A01026,HCC.NS
INE075I01017,HCG.NS
INE236A01020,HCL-INSYS.NS
INE860A01027,HCLTECH.NS
INE001A01036,HDFC.NS
INE127D01025,HDFCAMC.NS
INE040A01034,HDFCBANK.NS
INE795G01014,HDFCLIFE.NS
INE191I01012,HDIL.NS
INE545A01016,HEG.NS
INE578A01017,HEIDELBERG.NS
INE0AJG01018,HEMIPROP.NS
INE688E01024,HERCULES.NS
INE978A01027,HERITGFOOD.NS
INE158A01026,HEROMOTOCO.NS
INE782E01017,HESTERBIO.NS
INE750M01017,HEXATRADEX.NS
INE548A01028,HFCL.NS
INE926X01010,HGINFRA.NS
INE170I01016,HGS.NS
INE475B01022,HIKAL.NS
INE557A01011,HIL.NS
INE788H01017,HILTON.NS
INE049A01027,HIMATSEIDE.NS
INE038A01020,HINDALCO.NS
INE310C01029,HINDCOMPOS.NS
INE531E01026,HINDCOPPER.NS
INE253A01025,HINDMOTORS.NS
INE952A01022,HINDNATGLS.NS
INE345A01011,HINDOILEXP.NS
INE094A01015,HINDPETRO.NS
INE030A01027,HINDUNILVR.NS
INE267A01025,HINDZINC.NS
INE835D01023,HIRECT.NS
INE598C01011,HISARMETAL.NS
INE106T01017,HITECH.NS
INE120D01012,HITECHCORP.NS
INE127B01011,HITECHGEAR.NS
INE102A01024,HLVLTD.NS
INE262A01018,HMT.NS
INE871K01015,HMVL.NS
INE254N01018,HNDFDS.NS
INE671A01010,HONAUT.NS
INE634A01018,HONDAPOWER.NS
INE275F01019,HOTELRUGBY.NS
INE596H01014,HOVS.NS
INE495S01016,HPL.NS
INE019C01026,HSCL.NS
INE415A01038,HSIL.NS
INE501G01024,HTMEDIA.NS
INE703H01016,HUBTOWN.NS
INE031A01017,HUDCO.NS
INE275B01026,HUHTAMAKI.NS
INE069I01010,IBREALEST.NS
INE148I01020,IBULHSGFIN.NS
INE520Y01019,ICEMAKE.NS
INE090A01021,ICICIBANK.NS
INE765G01017,ICICIGI.NS
INE726G01019,ICICIPRULI.NS
INE483B01026,ICIL.NS
INE725G01011,ICRA.NS
INE008A01015,IDBI.NS
INE669E01016,IDEA.NS
INE043D01016,IDFC.NS
INE092T01019,IDFCFIRSTB.NS
INE022Q01020,IEX.NS
INE076C01018,IFBAGRO.NS
INE559A01017,IFBIND.NS
INE039A01010,IFCI.NS
INE133Y01011,IFGLEXPOR.NS
INE188B01013,IGARASHI.NS
INE203G01027,IGL.NS
INE204A01010,IGPL.NS
INE530B01024,IIFL.NS
INE489L01022,IIFLSEC.NS
INE466L01020,IIFLWAM.NS
INE886A01014,IITL.NS
INE369I01014,IL&FSENGG.NS
INE975G01012,IL&FSTRANS.NS
INE172N01012,IMAGICAA.NS
INE919H01018,IMFA.NS
INE547E01014,IMPAL.NS
INE841B01017,INDBANK.NS
INE053A01029,INDHOTEL.NS
INE383A01012,INDIACEM.NS
INE560A01015,INDIAGLYCO.NS
INE933S01016,INDIAMART.NS
INE562A01011,INDIANB.NS
INE061A01014,INDIANCARD.NS
INE323C01030,INDIANHUME.NS
INE646L01027,INDIGO.NS
INE065B01013,INDLMETER.NS
INE092B01025,INDNIPPON.NS
INE873D01024,INDOCO.NS
INE156A01020,INDORAMA.NS
INE866K01015,INDOSOLAR.NS
INE896L01010,INDOSTAR.NS
INE332H01014,INDOTECH.NS
INE337M01013,INDOTHAI.NS
INE227G01018,INDOWIND.NS
INE681B01017,INDRAMEDCO.NS
INE915B01019,INDSWFTLAB.NS
INE788B01028,INDSWFTLTD.NS
INE611L01021,INDTERRAIN.NS
INE095A01012,INDUSINDBK.NS
INE121J01017,INDUSTOWER.NS
INE189B01011,INEOSSTYRO.NS
INE483S01020,INFIBEAM.NS
INE344S01016,INFOBEAN.NS
INE669A01022,INFOMEDIA.NS
INE009A01021,INFY.NS
INE177A01018,INGERRAND.NS
INE312H01016,INOXLEISUR.NS
INE066P01011,INOXWIND.NS
INE070I01018,INSECTICID.NS
INE020G01017,INSPIRISYS.NS
INE418N01027,INTEGRA.NS
INE306R01017,INTELLECT.NS
INE781A01025,INTENTECH.NS
INE878H01016,INVENTURE.NS
INE565A01014,IOB.NS
INE242A01010,IOC.NS
INE485C01011,IOLCP.NS
INE571A01020,IPCALAB.NS
INE821I01014,IRB.NS
INE962Y01021,IRCON.NS
INE335Y01012,IRCTC.NS
INE763G01038,ISEC.NS
INE566K01011,ISFT.NS
INE732F01019,ISMTLTD.NS
INE154A01025,ITC.NS
INE353K01014,ITDC.NS
INE686A01026,ITDCEM.NS
INE248A01017,ITI.NS
INE050B01023,IVC.NS
INE043C01018,IVP.NS
INE848A01014,IZMO.NS
INE168A01041,J&KBANK.NS
INE199G01027,JAGRAN.NS
INE048B01027,JAGSNPHARM.NS
INE091G01018,JAIBALAJI.NS
INE070D01027,JAICORPLTD.NS
INE343D01010,JAIHINDPRO.NS
INE486B01011,JAINSTUDIO.NS
INE039C01032,JAMNAAUTO.NS
INE039O01011,JASH.NS
INE785A01026,JAYAGROGN.NS
INE571B01028,JAYBARMARU.NS
INE854B01010,JAYNECOIND.NS
INE364A01020,JAYSREETEA.NS
INE572A01028,JBCHEPHARM.NS
INE187A01017,JBFIND.NS
INE927D01028,JBMA.NS
INE782A01015,JCHAC.NS
INE802G01018,JETAIRWAYS.NS
INE544H01014,JHS.NS
INE796G01012,JINDALPHOT.NS
INE197D01010,JINDALPOLY.NS
INE324A01024,JINDALSAW.NS
INE749A01030,JINDALSTEL.NS
INE742C01031,JINDRILL.NS
INE247D01039,JINDWORLD.NS
IN9175A01010,JISLDVREQS.NS
INE175A01038,JISLJALEQS.NS
INE863T01013,JITFINFRA.NS
INE023S01016,JIYAECO.NS
INE823G01014,JKCEMENT.NS
INE576I01022,JKIL.NS
INE786A01032,JKLAKSHMI.NS
INE789E01012,JKPAPER.NS
INE573A01042,JKTYRE.NS
INE412C01023,JMA.NS
INE890A01024,JMCPROJECT.NS
INE780C01023,JMFINANCIL.NS
INE988E01036,JMTAUTOLTD.NS
INE839G01010,JOCIL.NS
INE455F01025,JPASSOCIAT.NS
INE099J01015,JPINFRATEC.NS
INE147P01019,JPOLYINVST.NS
INE351F01018,JPPOWER.NS
INE220G01021,JSL.NS
INE455T01018,JSLHISAR.NS
INE121E01018,JSWENERGY.NS
INE824G01012,JSWHL.NS
INE743C01021,JSWISPL.NS
INE019A01038,JSWSTEEL.NS
INE643A01035,JTEKTINDIA.NS
INE700A01033,JUBILANT.NS
INE797F01012,JUBLFOOD.NS
INE645L01011,JUBLINDS.NS
INE974C01022,JUMPNET.NS
INE599M01018,JUSTDIAL.NS
INE668F01031,JYOTHYLAB.NS
INE197A01024,JYOTISTRUC.NS
INE900B01029,KABRAEXTRU.NS
INE217B01036,KAJARIACER.NS
INE437B01014,KAKATCEM.NS
INE220B01022,KALPATPOWR.NS
INE610E01010,KALYANI.NS
INE314G01014,KALYANIFRG.NS
INE967C01018,KAMATHOTEL.NS
INE390H01012,KAMDHENU.NS
INE879E01037,KANANIIND.NS
INE138C01024,KANORICHEM.NS
INE694E01014,KANPRPLA.NS
INE531A01024,KANSAINER.NS
INE542Z01010,KAPSTON.NS
INE278R01026,KARDA.NS
INE725L01011,KARMAENG.NS
INE036D01028,KARURVYSYA.NS
INE234I01010,KAUSHALYA.NS
INE587G01015,KAYA.NS
INE805C01028,KCP.NS
INE790B01024,KCPSUGIND.NS
INE291D01011,KDDL.NS
INE389H01022,KEC.NS
INE134B01017,KECL.NS
INE586X01012,KEERTI.NS
INE878B01027,KEI.NS
INE164B01022,KELLTONTEC.NS
INE717A01029,KENNAMET.NS
INE202H01019,KERNEX.NS
INE087A01019,KESORAMIND.NS
INE681C01015,KEYFINSERV.NS
INE299C01024,KGL.NS
INE834I01025,KHADIM.NS
INE745B01028,KHAICHEM.NS
INE060B01014,KHANDSE.NS
INE029L01018,KICL.NS
INE729D01010,KILITCH.NS
INE473D01015,KINGFA.NS
INE880L01014,KIOCL.NS
INE415I01015,KIRIINDUS.NS
INE884B01025,KIRLFER.NS
INE732A01036,KIRLOSBROS.NS
INE146L01010,KIRLOSENG.NS
INE250A01039,KIRLOSIND.NS
INE602G01020,KITEX.NS
INE401H01017,KKCL.NS
INE157H01023,KMSUGAR.NS
INE634I01029,KNRCON.NS
INE760A01029,KOKUYOCMLN.NS
INE094I01018,KOLTEPATIL.NS
INE082A01010,KOPRAN.NS
INE237A01028,KOTAKBANK.NS
INE419A01022,KOTARISUG.NS
INE720A01015,KOTHARIPET.NS
INE823A01017,KOTHARIPRO.NS
INE04I401011,KPITTECH.NS
INE930H01023,KPRMILL.NS
INE001B01026,KRBL.NS
INE268B01013,KREBSBIO.NS
INE524L01026,KRIDHANINF.NS
INE506W01012,KRISHANA.NS
INE999A01015,KSB.NS
INE455I01029,KSCL.NS
INE143H01015,KSK.NS
INE907A01026,KSL.NS
INE614B01018,KTKBANK.NS
INE529I01021,KUANTUM.NS
INE775B01025,KWALITY.NS
INE498L01015,L&TFH.NS
INE651C01018,LAKPRE.NS
INE600L01024,LALPATHLAB.NS
INE112F01022,LAMBODHARA.NS
INE059D01020,LAOPALA.NS
INE670X01014,LASA.NS
INE947Q01028,LAURUSLABS.NS
INE269B01029,LAXMIMACH.NS
INE970X01018,LEMONTREE.NS
INE850E01012,LFIC.NS
INE337A01034,LGBBROSLTD.NS
INE201J01017,LGBFORGE.NS
INE908V01012,LIBAS.NS
INE557B01019,LIBERTSHOE.NS
INE115A01026,LICHSGFIN.NS
INE060901019,LIKHITHA.NS
INE405C01035,LINCOLN.NS
INE802B01019,LINCPEN.NS
INE473A01011,LINDEINDIA.NS
INE397H01017,LOKESHMACH.NS
INE947I01017,LOTUSEYE.NS
INE597L01014,LOVABLE.NS
INE197J01017,LPDC.NS
INE093R01011,LSIL.NS
INE018A01030,LT.NS
INE214T01019,LTI.NS
INE010V01017,LTTS.NS
INE162B01018,LUMAXIND.NS
INE872H01027,LUMAXTECH.NS
INE326A01037,LUPIN.NS
INE150G01020,LUXIND.NS
INE933A01014,LYKALABS.NS
INE142K01011,LYPSAGEMS.NS
INE101A01026,M&M.NS
INE774D01024,M&MFIN.NS
INE215I01019,MAANALU.NS
INE155Z01011,MACPOWER.NS
INE925C01016,MADHAV.NS
INE378D01032,MADHUCON.NS
INE414A01015,MADRASFERT.NS
INE347W01011,MAGADSUGAR.NS
INE511C01022,MAGMA.NS
INE387I01016,MAGNUM.NS
INE457A01014,MAHABANK.NS
INE843B01013,MAHAPEXLTD.NS
INE451L01014,MAHASTEEL.NS
INE215D01010,MAHEPC.NS
INE263W01010,MAHESHWARI.NS
INE536H01010,MAHINDCIE.NS
INE813A01018,MAHLIFE.NS
INE766P01016,MAHLOG.NS
INE288A01013,MAHSCOOTER.NS
INE271B01025,MAHSEAMLES.NS
INE683C01011,MAITHANALL.NS
INE898S01029,MAJESCO.NS
INE383H01017,MALUPAPER.NS
INE859Q01017,MANAKALUCO.NS
INE830Q01018,MANAKCOAT.NS
INE015D01022,MANAKSIA.NS
INE824Q01011,MANAKSTEEL.NS
INE201A01024,MANALIPETC.NS
INE522D01027,MANAPPURAM.NS
INE584F01014,MANGALAM.NS
INE558B01017,MANGCHEFER.NS
INE347A01017,MANGLMCEM.NS
INE805B01012,MANGTIMBER.NS
INE993A01026,MANINDS.NS
INE949H01023,MANINFRA.NS
INE867A01022,MANUGRAPH.NS
INE882A01013,MARALOVER.NS
INE182D01020,MARATHON.NS
INE196A01026,MARICO.NS
INE01JE01010,MARINE.NS
INE750C01026,MARKSANS.NS
INE585B01010,MARUTI.NS
INE348L01012,MASFIN.NS
INE885F01015,MASKINVEST.NS
INE759A01021,MASTEK.NS
INE866R01028,MATRIMONY.NS
INE636A01039,MAWANASUG.NS
INE027H01010,MAXHEALTH.NS
INE0CG601016,MAXIND.NS
INE154U01015,MAXVIL.NS
INE040D01038,MAYURUNIQ.NS
INE885E01034,MAZDA.NS
INE249Z01012,MAZDOCK.NS
INE900L01010,MBAPL.NS
INE748A01016,MBECL.NS
INE912H01013,MBLINFRA.NS
INE836H01014,MCDHOLDING.NS
INE854D01024,MCDOWELL-N.NS
INE813V01022,MCL.NS
INE942G01012,MCLEODRUSS.NS
INE745G01035,MCX.NS
INE933B01012,MEGASOFT.NS
INE974H01013,MEGH.NS
INE817A01019,MELSTAR.NS
INE071D01033,MENONBE.NS
INE776I01010,MEP.NS
INE934B01028,MERCATOR.NS
INE425A01011,METALFORGE.NS
INE592I01029,METKORE.NS
INE112L01020,METROPOLIS.NS
INE180A01020,MFSL.NS
INE0APB01016,MGEL.NS
INE002S01010,MGL.NS
INE998I01010,MHRIL.NS
INE287C01029,MIC.NS
INE099Z01011,MIDHANI.NS
INE842C01021,MINDACORP.NS
INE405E01023,MINDAIND.NS
INE110B01017,MINDTECK.NS
INE018I01017,MINDTREE.NS
INE831A01028,MIRCELECTR.NS
INE771A01026,MIRZAINT.NS
INE997Y01019,MITTAL.NS
INE227C01017,MMFL.NS
INE511Y01018,MMP.NS
INE123F01029,MMTC.NS
INE832A01018,MODIRUBBER.NS
INE954E01012,MOHITIND.NS
INE313D01013,MOHOTAIND.NS
INE490G01020,MOIL.NS
INE835B01035,MOLDTECH.NS
INE893J01029,MOLDTKPAC.NS
INE950M01013,MONTECARLO.NS
INE161G01027,MORARJEE.NS
INE083A01026,MOREPENLAB.NS
INE775A01035,MOTHERSUMI.NS
INE338I01027,MOTILALOFS.NS
INE861B01023,MOTOGENFIN.NS
INE356A01018,MPHASIS.NS
INE943D01017,MPSLTD.NS
INE883A01011,MRF.NS
INE398B01018,MRO-TEK.NS
INE103A01014,MRPL.NS
INE752G01015,MSPL.NS
INE255X01014,MSTCLTD.NS
INE472M01018,MTEDUCARE.NS
INE153A01019,MTNL.NS
INE022B01014,MUKANDENGG.NS
INE304A01026,MUKANDLTD.NS
INE374B01019,MUKTAARTS.NS
INE672B01032,MUNJALAU.NS
INE577A01027,MUNJALSHOW.NS
INE692B01014,MURUDCERA.NS
INE296G01013,MUTHOOTCAP.NS
INE414G01012,MUTHOOTFIN.NS
INE295D01020,NACLIND.NS
INE454M01024,NAGAFERT.NS
INE245I01016,NAGREEKCAP.NS
INE123B01028,NAGREEKEXP.NS
INE049I01012,NAHARCAP.NS
INE289A01011,NAHARINDUS.NS
INE308A01027,NAHARPOLY.NS
INE290A01027,NAHARSPING.NS
INE298J01013,NAM-INDIA.NS
INE987B01026,NATCOPHARM.NS
INE448G01010,NATHBIOGEN.NS
INE139A01034,NATIONALUM.NS
INE088B01015,NATNLSTEEL.NS
INE663F01024,NAUKRI.NS
INE048G01026,NAVINFLUOR.NS
INE278M01019,NAVKARCORP.NS
INE060A01024,NAVNETEDUL.NS
INE095N01031,NBCC.NS
INE365I01020,NBIFIN.NS
INE725A01022,NBVENTURES.NS
INE868B01028,NCC.NS
INE732C01016,NCLIND.NS
INE756C01015,NDGL.NS
INE875G01030,NDL.NS
INE07OG01012,NDRAUTO.NS
INE155G01029,NDTV.NS
INE553C01016,NECCLTD.NS
INE023H01027,NECLIFE.NS
INE189I01024,NELCAST.NS
INE045B01015,NELCO.NS
INE136S01016,NEOGEN.NS
INE317F01035,NESCO.NS
INE239A01016,NESTLEIND.NS
INE870H01013,NETWORK18.NS
INE794A01010,NEULANDLAB.NS
INE619B01017,NEWGEN.NS
INE747B01016,NEXTMEDIA.NS
INE870D01012,NFL.NS
INE410P01011,NH.NS
INE848E01016,NHPC.NS
INE470Y01017,NIACL.NS
INE161A01038,NIITLTD.NS
INE937C01029,NILAINFRA.NS
INE00S901012,NILASPACES.NS
INE310A01015,NILKAMAL.NS
INE567A01010,NIPPOBATRY.NS
INE368I01016,NIRAJ.NS
INE326T01011,NIRAJISPAT.NS
INE858F01012,NITCO.NS
INE489H01020,NITINFIRE.NS
INE229H01012,NITINSPIN.NS
INE542C01019,NKIND.NS
INE589A01014,NLCINDIA.NS
INE584A01023,NMDC.NS
INE163A01018,NOCIL.NS
INE781B01015,NOIDATOLL.NS
INE369C01017,NORBTEAEXP.NS
INE234A01025,NOVARTIND.NS
INE740D01017,NRAIL.NS
INE349A01021,NRBBEARING.NS
INE023A01030,NSIL.NS
INE333I01036,NTL.NS
INE733E01010,NTPC.NS
INE096B01018,NUCLEUS.NS
INE353A01023,NXTDIGITAL.NS
INE959C01023,OAL.NS
INE093I01010,OBEROIRLTY.NS
INE321D01016,OCCL.NS
INE881D01027,OFSS.NS
INE274J01014,OIL.NS
INE196J01019,OISL.NS
INE260D01016,OLECTRA.NS
INE090B01011,OMAXAUTO.NS
INE800H01010,OMAXE.NS
INE239D01028,OMMETALS.NS
INE912L01015,ONELIFECAP.NS
INE840Y01011,ONEPOINT.NS
INE213A01029,ONGC.NS
INE809I01019,ONMOBILE.NS
INE229A01017,ONWARDTEC.NS
INE350C01017,OPTIEMUS.NS
INE808B01016,OPTOCIRCUI.NS
INE231G01010,ORBTEXP.NS
INE191A01027,ORCHPHARMA.NS
INE730A01022,ORICONENT.NS
INE569C01020,ORIENTABRA.NS
INE998H01012,ORIENTALTL.NS
INE607D01018,ORIENTBELL.NS
INE876N01018,ORIENTCEM.NS
INE142Z01019,ORIENTELEC.NS
INE750A01020,ORIENTHOT.NS
INE609C01024,ORIENTLTD.NS
INE592A01026,ORIENTPPR.NS
INE743M01012,ORIENTREF.NS
INE725E01024,ORISSAMINE.NS
INE849L01019,ORTEL.NS
INE142A01012,OSWALAGRO.NS
INE766A01018,PAEL.NS
INE761H01022,PAGEIND.NS
INE420C01042,PAISALO.NS
INE471W01019,PALASHSECU.NS
INE218G01033,PALREDTEC.NS
INE922B01023,PANACEABIO.NS
INE895W01019,PANACHE.NS
INE305C01029,PANAMAPET.NS
INE618H01016,PARABDRUGS.NS
INE074B01023,PARACABLES.NS
INE883N01014,PARAGMILK.NS
INE561H01026,PARSVNATH.NS
INE244B01030,PATELENG.NS
INE529D01014,PATINTLOG.NS
INE790C01014,PATSPINLTD.NS
INE785M01013,PCJEWELLER.NS
INE865T01018,PDMJEPAPER.NS
INE111Q01013,PDSMFL.NS
INE844A01013,PEARLPOLY.NS
INE140A01024,PEL.NS
INE932A01024,PENIND.NS
INE138A01028,PENINLAND.NS
INE262H01013,PERSISTENT.NS
INE347G01014,PETRONET.NS
INE134E01011,PFC.NS
INE182A01018,PFIZER.NS
INE367G01038,PFOCUS.NS
INE560K01014,PFS.NS
INE457L01011,PGEL.NS
INE179A01014,PGHH.NS
INE199A01012,PGHL.NS
INE940H01014,PGIL.NS
INE602A01023,PHILIPCARB.NS
INE211B01039,PHOENIXLTD.NS
INE318A01026,PIDILITIND.NS
INE603J01030,PIIND.NS
INE417C01014,PILANIINVS.NS
INE600A01035,PILITA.NS
INE889E01010,PIONDIST.NS
INE156C01018,PIONEEREMB.NS
INE450D01021,PITTIENG.NS
INE431F01018,PKTEA.NS
INE083C01022,PLASTIBLEN.NS
INE160A01022,PNB.NS
INE859A01011,PNBGILTS.NS
INE572E01012,PNBHOUSING.NS
INE392B01011,PNC.NS
INE195J01029,PNCINFRA.NS
INE888B01018,PODDARHOUS.NS
INE371C01013,PODDARMENT.NS
INE637C01025,POKARNA.NS
INE455K01017,POLYCAB.NS
INE205C01021,POLYMED.NS
INE633B01018,POLYPLEX.NS
INE838E01017,PONNIERODE.NS
INE752E01010,POWERGRID.NS
INE07Y701011,POWERINDIA.NS
INE211R01019,POWERMECH.NS
INE095I01015,PPAP.NS
INE050001010,PPL.NS
INE302M01033,PRABHAT.NS
INE505C01016,PRAENG.NS
INE074A01025,PRAJIND.NS
INE603A01013,PRAKASH.NS
INE696K01024,PRAKASHSTL.NS
INE546Y01022,PRAXIS.NS
INE484I01029,PRECAM.NS
INE283A01014,PRECOT.NS
INE372C01029,PRECWIRE.NS
INE863B01011,PREMEXPLN.NS
INE342A01018,PREMIER.NS
INE309M01012,PREMIERPOL.NS
INE980A01023,PRESSMN.NS
INE811K01011,PRESTIGE.NS
INE726V01018,PRICOLLTD.NS
INE032B01021,PRIMESECU.NS
INE689W01016,PRINCEPIPE.NS
INE959A01019,PRIVISCL.NS
INE195N01013,PROZONINTU.NS
INE010A01011,PRSMJOHNSN.NS
INE608A01012,PSB.NS
INE488V01015,PSPPROJECT.NS
INE877F01012,PTC.NS
INE034D01031,PTL.NS
INE277B01014,PUNJABCHEM.NS
INE701B01021,PUNJLLOYD.NS
INE323I01011,PURVA.NS
INE191H01014,PVR.NS
INE615P01015,QUESS.NS
INE306L01010,QUICKHEAL.NS
INE874F01027,RADAAN.NS
INE944F01028,RADICO.NS
INE919I01024,RADIOCITY.NS
INE855B01025,RAIN.NS
INE343B01030,RAJESHEXPO.NS
INE451D01011,RAJRATAN.NS
INE533D01024,RAJRAYON.NS
INE562B01019,RAJSREESUG.NS
INE952H01027,RAJTV.NS
INE613A01020,RALLIS.NS
INE278B01020,RAMANEWS.NS
INE230R01027,RAMASTEEL.NS
INE331A01037,RAMCOCEM.NS
INE614A01028,RAMCOIND.NS
INE246B01019,RAMCOSYS.NS
INE874I01013,RAMKY.NS
INE005D01015,RAMSARUP.NS
INE625B01014,RANASUG.NS
INE222J01013,RANEENGINE.NS
INE384A01010,RANEHOLDIN.NS
INE703B01027,RATNAMANI.NS
INE301A01014,RAYMOND.NS
INE244J01017,RBL.NS
INE976G01028,RBLBANK.NS
INE027A01015,RCF.NS
INE330H01018,RCOM.NS
INE020B01018,RECLTD.NS
INE891D01026,REDINGTON.NS
INE056I01017,REFEX.NS
INE131B01039,RELAXO.NS
INE013A01015,RELCAPITAL.NS
INE002A01018,RELIANCE.NS
INE621H01010,RELIGARE.NS
INE036A01016,RELINFRA.NS
INE474C01015,REMSONSIND.NS
INE087H01022,RENUKA.NS
INE612J01015,REPCOHOME.NS
INE364Z01019,REPL.NS
INE461B01014,REPRO.NS
INE688D01026,RESPONIND.NS
INE617A01013,REVATHI.NS
INE722H01016,RGL.NS
INE217K01011,RHFL.NS
INE209B01025,RICOAUTO.NS
INE046A01015,RIIL.NS
INE320J01015,RITES.NS
INE722J01012,RKDL.NS
INE786W01010,RKEC.NS
INE399G01015,RKFORGE.NS
INE172H01014,RMCL.NS
INE050H01012,RML.NS
INE542F01012,RNAVAL.NS
INE248H01012,ROHITFERRO.NS
INE283H01019,ROHLTD.NS
INE927A01040,ROLLT.NS
INE293A01013,ROLTA.NS
INE294G01026,ROML.NS
INE02A801020,ROSSARI.NS
INE847C01020,ROSSELLIND.NS
INE450U01017,ROUTE.NS
INE105J01010,RPGLIFE.NS
INE614G01033,RPOWER.NS
INE324L01013,RPPINFRA.NS
INE165B01029,RSSOFTWARE.NS
INE611A01016,RSWM.NS
INE411H01032,RSYSTEMS.NS
INE834M01019,RTNINFRA.NS
INE399K01017,RTNPOWER.NS
INE301D01026,RUBYMILLS.NS
INE619A01035,RUCHI.NS
INE413B01023,RUCHINFRA.NS
INE803H01014,RUCHIRA.NS
INE895B01021,RUPA.NS
INE573K01017,RUSHIL.NS
INE09E501017,RVHL.NS
INE415G01027,RVNL.NS
INE902B01017,S&SPOWER.NS
INE860T01019,SABEVENTS.NS
INE226H01026,SADBHAV.NS
INE764L01010,SADBHIN.NS
INE429E01023,SAFARI.NS
INE976T01013,SAGARDEEP.NS
INE229C01013,SAGCEM.NS
INE114A01011,SAIL.NS
INE732S01012,SAKAR.NS
INE623A01011,SAKHTISUG.NS
INE667G01015,SAKSOFT.NS
INE190H01024,SAKUMA.NS
INE170V01019,SALASAR.NS
INE498E01010,SALONA.NS
INE658G01014,SALSTEEL.NS
INE457F01013,SALZERELEC.NS
INE699B01027,SAMBHAAV.NS
INE782L01012,SANCO.NS
INE583B01015,SANDESH.NS
INE278H01035,SANDHAR.NS
INE495C01010,SANGAMIND.NS
INE999B01013,SANGHIIND.NS
INE263L01013,SANGHVIFOR.NS
INE989A01024,SANGHVIMOV.NS
INE753W01010,SANGINITA.NS
INE058A01010,SANOFI.NS
INE890C01046,SANWARIA.NS
INE385C01013,SARDAEN.NS
INE979A01017,SAREGAMA.NS
INE453D01025,SARLAPOLY.NS
INE231F01020,SASKEN.NS
INE019J01013,SASTASUNDR.NS
INE170E01023,SATIA.NS
INE836B01017,SATIN.NS
INE018E01016,SBICARD.NS
INE123W01016,SBILIFE.NS
INE062A01020,SBIN.NS
INE224E01036,SCAPDVR.NS
INE513A01014,SCHAEFFLER.NS
INE807K01035,SCHAND.NS
INE839M01018,SCHNEIDER.NS
INE109A01011,SCI.NS
INE480C01020,SDBL.NS
INE497B01018,SEAMECLTD.NS
INE818A01017,SELAN.NS
INE105I01012,SELMCL.NS
INE735M01018,SEPOWER.NS
INE807F01027,SEQUENT.NS
INE630A01024,SESHAPAPER.NS
INE878E01021,SETCO.NS
INE023M01027,SETUINFRA.NS
INE573R01012,SEYAIND.NS
INE955I01036,SEZAL.NS
INE916U01025,SFL.NS
INE353H01010,SGL.NS
INE640C01011,SHAHALLOYS.NS
INE908D01010,SHAKTIPUMP.NS
INE597J01018,SHALBY.NS
INE849C01026,SHALPAINTS.NS
INE274V01019,SHANKARA.NS
INE631A01022,SHANTIGEAR.NS
INE221J01015,SHARDACROP.NS
INE597I01010,SHARDAMOTR.NS
INE932X01018,SHAREINDIA.NS
INE363M01019,SHEMAROO.NS
INE05AN01011,SHIL.NS
INE790G01031,SHILPAMED.NS
INE196B01016,SHIRPUR-G.NS
INE637H01024,SHIVAMAUTO.NS
INE644Y01017,SHIVAMILLS.NS
INE705C01020,SHIVATEX.NS
INE500L01026,SHK.NS
INE498B01024,SHOPERSTOP.NS
INE715Y01015,SHRADHA.NS
INE232A01011,SHREDIGCEM.NS
INE070A01015,SHREECEM.NS
INE712K01011,SHREEPUSHK.NS
INE879A01019,SHREERAMA.NS
INE632X01030,SHRENIK.NS
INE231C01019,SHREYANIND.NS
INE757B01015,SHREYAS.NS
INE526E01018,SHRIPISTON.NS
INE722A01011,SHRIRAMCIT.NS
INE964H01014,SHRIRAMEPC.NS
INE979R01011,SHYAMCENT.NS
INE635A01023,SHYAMTEL.NS
INE176J01011,SICAGEN.NS
INE075B01012,SICAL.NS
INE003A01024,SIEMENS.NS
INE529F01035,SIGIND.NS
INE173A01025,SIL.NS
INE923A01015,SILINV.NS
INE203Y01012,SILLYMONKS.NS
INE748T01016,SIMBHALS.NS
INE059B01024,SIMPLEXINF.NS
INE129Z01016,SINTERCOM.NS
INE429C01035,SINTEX.NS
INE792Z01011,SIRCA.NS
INE285J01028,SIS.NS
INE965H01011,SITINET.NS
INE076B01028,SIYSIL.NS
INE002L01015,SJVN.NS
INE640A01023,SKFINDIA.NS
INE429F01012,SKIL.NS
INE439E01022,SKIPPER.NS
INE411D01015,SKMEGGPROD.NS
INE178C01020,SMARTLINK.NS
INE294B01019,SMLISUZU.NS
INE215G01021,SMPL.NS
INE320X01016,SMSLIFE.NS
INE812G01025,SMSPHARMA.NS
INE734N01019,SNOWMAN.NS
INE671H01015,SOBHA.NS
INE624Z01016,SOLARA.NS
INE343H01029,SOLARINDS.NS
INE355A01028,SOMANYCERA.NS
INE314C01013,SOMATEX.NS
INE323J01019,SOMICONVEY.NS
INE269A01021,SONATSOFTW.NS
INE034H01016,SORILINFRA.NS
INE035D01012,SOTL.NS
INE683A01023,SOUTHBANK.NS
INE980Y01015,SOUTHWEST.NS
INE212I01016,SPAL.NS
INE572J01011,SPANDANA.NS
INE232I01014,SPARC.NS
INE247M01014,SPECIALITY.NS
INE020801028,SPENCERS.NS
INE376C01020,SPENTEX.NS
INE147A01011,SPIC.NS
INE285B01017,SPICEJET.NS
INE978G01016,SPLIL.NS
INE937A01023,SPMLINFRA.NS
INE501W01021,SPTL.NS
INE099F01013,SREEL.NS
INE872A01014,SREINFRA.NS
INE647A01010,SRF.NS
INE917H01012,SRHHYPOLTD.NS
INE943C01027,SRIPIPES.NS
INE008Z01012,SRPL.NS
INE721A01013,SRTRANSFIN.NS
INE802C01017,SSWL.NS
INE939A01011,STAR.NS
INE460H01021,STARCEMENT.NS
INE733A01018,STARPAPER.NS
INE655A01013,STCINDIA.NS
INE395H01011,STEELCITY.NS
INE503B01013,STEELXIND.NS
INE577L01016,STEL.NS
INE334A01023,STERTOOLS.NS
INE089C01029,STLTECH.NS
INE845C01016,SUBCAPCITY.NS
INE754A01055,SUBEXLTD.NS
INE287B01021,SUBROS.NS
INE659A01023,SUDARSCHEM.NS
INE216G01011,SUJANAUNI.NS
INE258G01013,SUMICHEM.NS
INE748Z01013,SUMIT.NS
INE519C01017,SUMMITSEC.NS
INE105A01035,SUNCLAYLTD.NS
INE108E01023,SUNDARAM.NS
INE660A01013,SUNDARMFIN.NS
INE202Z01029,SUNDARMHLD.NS
INE073D01013,SUNDRMBRAK.NS
INE387A01021,SUNDRMFAST.NS
INE947A01014,SUNFLAG.NS
INE044A01036,SUNPHARMA.NS
INE805D01034,SUNTECK.NS
INE424H01027,SUNTV.NS
INE712B01010,SUPERHOUSE.NS
INE662A01027,SUPERSPIN.NS
INE663A01017,SUPPETRO.NS
INE399C01030,SUPRAJIT.NS
INE319Z01013,SUPREMEENG.NS
INE195A01028,SUPREMEIND.NS
INE550H01011,SUPREMEINF.NS
INE272L01022,SURANASOL.NS
INE130B01031,SURANAT&P.NS
INE713B01026,SURYALAXMI.NS
INE335A01012,SURYAROSNI.NS
INE645H01027,SUTLEJTEX.NS
INE591Q01016,SUULD.NS
INE495B01038,SUVEN.NS
INE03QK01018,SUVENPHAR.NS
INE040H01021,SUZLON.NS
INE665A01038,SWANENERGY.NS
INE277A01016,SWARAJENG.NS
INE409B01013,SWELECTES.NS
INE00M201021,SWSOLAR.NS
INE225D01027,SYMPHONY.NS
INE602K01014,SYNCOM.NS
INE398R01022,SYNGENE.NS
INE123C01018,TAINWALCHM.NS
INE586B01026,TAJGVK.NS
INE142I01023,TAKE.NS
INE187D01011,TALBROAUTO.NS
INE483C01032,TANLA.NS
INE388G01018,TANTIACONS.NS
INE0EK901012,TARC.NS
INE924H01018,TARMAT.NS
INE488B01017,TASTYBITE.NS
INE092A01019,TATACHEM.NS
INE493A01027,TATACOFFEE.NS
INE151A01013,TATACOMM.NS
INE192A01025,TATACONSUM.NS
INE670A01012,TATAELXSI.NS
INE672A01018,TATAINVEST.NS
INE056C01010,TATAMETALI.NS
INE155A01022,TATAMOTORS.NS
IN9155A01020,TATAMTRDVR.NS
INE245A01021,TATAPOWER.NS
INE081A01012,TATASTEEL.NS
INE824B01021,TATASTLBSL.NS
INE674A01014,TATASTLLP.NS
INE760L01018,TBZ.NS
INE688A01022,TCI.NS
INE662L01016,TCIDEVELOP.NS
INE586V01016,TCIEXP.NS
INE911B01018,TCIFINANCE.NS
INE778U01029,TCNSBRANDS.NS
INE822C01015,TCPLPACK.NS
INE467B01029,TCS.NS
INE419M01019,TDPOWERSYS.NS
INE985S01024,TEAMLEASE.NS
INE778A01021,TECHIN.NS
INE669C01036,TECHM.NS
INE285K01026,TECHNOE.NS
INE509K01011,TECHNOFAB.NS
INE010J01012,TEJASNET.NS
INE482B01010,TERASOFT.NS
INE435C01024,TEXINFRA.NS
INE141K01013,TEXMOPIPES.NS
INE621L01012,TEXRAIL.NS
INE305A01015,TFCILTD.NS
INE804H01012,TFL.NS
INE797H01018,TGBHOTELS.NS
INE085J01014,THANGAMAYL.NS
INE924D01017,THEINVEST.NS
INE083B01016,THEMISMED.NS
INE152A01029,THERMAX.NS
INE409A01015,THIRUSUGAR.NS
INE332A01027,THOMASCOOK.NS
INE480M01011,THOMASCOTT.NS
INE594H01019,THYROCARE.NS
INE133E01013,TI.NS
INE484C01022,TIDEWATER.NS
INE545H01011,TIIL.NS
INE974X01010,TIINDIA.NS
INE440L01017,TIJARIA.NS
INE806C01018,TIL.NS
INE289C01025,TIMESGTY.NS
INE508G01029,TIMETECHNO.NS
INE325A01013,TIMKEN.NS
INE422C01014,TINPLATE.NS
INE716B01011,TIPSINDLTD.NS
INE338A01024,TIRUMALCHM.NS
INE319Y01016,TIRUPATIFL.NS
INE280A01028,TITAN.NS
INE759V01019,TMRVL.NS
INE148A01019,TNPETRO.NS
INE107A01015,TNPL.NS
INE141D01018,TNTELE.NS
INE932C01012,TOKYOPLAST.NS
INE685A01028,TORNTPHARM.NS
INE813H01021,TORNTPOWER.NS
INE336X01012,TOTAL.NS
INE486Y01013,TOUCHWOOD.NS
INE413G01014,TPLPLASTEH.NS
INE040M01013,TREEHOUSE.NS
INE00CA01015,TREJHARA.NS
INE849A01020,TRENT.NS
INE391D01019,TRF.NS
INE064C01022,TRIDENT.NS
INE948A01012,TRIGYN.NS
INE763I01026,TRIL.NS
INE152M01016,TRITURBINE.NS
INE256C01024,TRIVENI.NS
INE910C01018,TTKHLTCARE.NS
INE690A01010,TTKPRESTIG.NS
INE592B01016,TTL.NS
INE517B01013,TTML.NS
INE886H01027,TV18BRDCST.NS
INE236G01019,TVSELECT.NS
INE494B01023,TVSMOTOR.NS
INE421C01016,TVSSRICHAK.NS
INE038F01029,TVTODAY.NS
INE871L01013,TVVISION.NS
INE615H01020,TWL.NS
INE686F01025,UBL.NS
INE139B01016,UCALFUEL.NS
INE691A01018,UCOBANK.NS
INE516A01017,UFLEX.NS
INE527H01019,UFO.NS
INE071E01023,UGARSUGAR.NS
INE899L01022,UJAAS.NS
INE334L01012,UJJIVAN.NS
INE551W01018,UJJIVANSFB.NS
INE481G01011,ULTRACEMCO.NS
INE864B01027,UMANGDAIRY.NS
INE240C01028,UMESLTD.NS
INE351A01035,UNICHEMLAB.NS
INE961D01019,UNIDT.NS
INE037A01022,UNIENTER.NS
INE692A01016,UNIONBANK.NS
INE694A01020,UNITECH.NS
INE458F01011,UNITEDTEA.NS
INE466H01028,UNITY.NS
INE562X01013,UNIVASTU.NS
INE279A01012,UNIVCABLES.NS
INE03V001013,UNIVPHOTO.NS
INE628A01036,UPL.NS
INE550C01020,URJA.NS
INE228A01035,USHAMART.NS
INE094J01016,UTIAMC.NS
INE699A01011,UTTAMSTL.NS
INE786F01031,UTTAMSUGAR.NS
INE945H01013,V2RETAIL.NS
INE694D01016,VADILALIND.NS
INE884A01019,VAIBHAVGBL.NS
INE972X01014,VAISHALI.NS
INE051B01021,VAKRANGEE.NS
INE565V01010,VALIANTORG.NS
INE116G01013,VARDHACRLC.NS
INE835A01011,VARDMNPOLY.NS
INE665L01035,VARROC.NS
INE893I01013,VASCONEQ.NS
INE590L01019,VASWANI.NS
INE200M01013,VBL.NS
INE205A01025,VEDL.NS
INE398A01010,VENKEYS.NS
INE411B01019,VENUSREM.NS
INE188Y01015,VERTOZ.NS
INE386A01015,VESUVIUS.NS
INE918N01018,VETO.NS
INE951I01027,VGUARD.NS
INE701A01023,VHL.NS
INE048C01017,VICEROY.NS
INE703A01011,VIDEOIND.NS
INE632C01026,VIDHIING.NS
INE159N01027,VIJIFIN.NS
INE806A01020,VIKASECO.NS
INE161L01027,VIKASMCORP.NS
INE767B01022,VIKASPROP.NS
INE706A01022,VIKASWSP.NS
INE579C01029,VIMTALABS.NS
INE410B01037,VINATIORGA.NS
INE707A01012,VINDHYATEL.NS
INE250B01029,VINYLINDIA.NS
INE450G01024,VIPCLOTHNG.NS
INE054A01027,VIPIND.NS
INE946H01037,VIPULLTD.NS
INE392A01013,VISAKAIND.NS
INE286H01012,VISASTEEL.NS
INE755Q01025,VISHAL.NS
INE270I01014,VISHNU.NS
INE430N01014,VISHWARAJ.NS
INE370E01029,VIVIDHA.NS
INE526G01021,VIVIMEDLAB.NS
INE709A01018,VLSFINANCE.NS
INE665J01013,VMART.NS
INE540H01012,VOLTAMP.NS
INE226A01021,VOLTAS.NS
INE366I01010,VRLLOG.NS
INE050M01012,VSSL.NS
INE710A01016,VSTIND.NS
INE764D01017,VSTTILLERS.NS
INE825A01012,VTL.NS
INE956G01038,WABAG.NS
INE342J01019,WABCOINDIA.NS
INE711A01022,WALCHANNAG.NS
INE107F01022,WANBURY.NS
INE054C01015,WATERBASE.NS
INE855C01015,WEBELSOLAR.NS
INE080A01014,WEIZMANIND.NS
INE191B01025,WELCORP.NS
INE625G01013,WELENT.NS
INE389K01018,WELINV.NS
INE192B01031,WELSPUNIND.NS
INE274C01019,WENDT.NS
INE274F01020,WESTLIFE.NS
INE715A01015,WHEELS.NS
INE716A01013,WHIRLPOOL.NS
INE210A01017,WILLAMAGOR.NS
INE052A01021,WINDMACHIN.NS
INE215F01023,WIPL.NS
INE075A01022,WIPRO.NS
INE049B01025,WOCKPHARMA.NS
INE066O01014,WONDERLA.NS
INE196Y01018,WORTH.NS
INE100D01014,WSI.NS
INE976A01021,WSTCSTPAPR.NS
INE692G01013,XCHANGING.NS
INE01P501012,XELPMOC.NS
INE445C01015,XPROINDIA.NS
INE126M01010,YAARII.NS
INE528G01035,YESBANK.NS
INE256A01028,ZEEL.NS
INE565L01011,ZEELEARN.NS
INE966H01019,ZEEMEDIA.NS
INE058B01018,ZENITHEXPO.NS
INE318D01020,ZENITHSTL.NS
INE520A01027,ZENSARTECH.NS
INE251B01027,ZENTEC.NS
INE871B01014,ZICOM.NS
INE206B01013,ZODIACLOTH.NS
INE077B01018,ZODJRDMKJ.NS
INE358U01012,ZOTA.NS
INE840M01016,ZUARI.NS
INE217A01012,ZUARIGLOB.NS
INE768C01010,ZYDUSWELL.NS
